,sentence.id,sentence.id,agent.id,agent.id,wpm,wpm,lev.distance,lev.distance,gaze.shift,gaze.shift,bs,bs,immediate.bs,immediate.bs,delayed.bs,delayed.bs,gaze.keyboard.ratio,gaze.keyboard.ratio,fix.count,fix.count,finger.travel,finger.travel,iki,iki,correct.error,correct.error,uncorrected.error,uncorrected.error,fix.duration,fix.duration
,mean,std,mean,std,mean,std,mean,std,mean,std,mean,std,mean,std,mean,std,mean,std,mean,std,mean,std,mean,std,mean,std,mean,std,mean,std
target.sentence,,,,,,,,,,,,,,,,,,,,,,,,,,,,,,
ei ollut edes lähellä>,71,0.0,19.5,11.69045194450012,30.031432011926576,8.311628713861001,3.65,6.298351432655275,7.1,2.394437999475729,6.875,8.394709872661107,1.125,0.9657599638069015,1.475,1.2400889132721544,0.6163949783457208,0.12858903922472784,40.25,17.533484448992926,88.70654043569965,26.42142986642515,250.41985857836647,7.028029092920836,0.675,0.47434164902525683,0.3,0.4640954808922571,90.98666265335143,29.60154740185655
ei tehdä tästä ongelmaa>,23,0.0,19.5,11.69045194450012,34.03766176673865,7.633269147210186,3.225,9.73623288388434,6.85,2.587445032241612,5.3,5.407497169765847,0.675,0.9167249398727055,1.325,1.0472797485843368,0.6885724192308219,0.12405006423894255,41.35,17.571173946158346,125.09644986979549,32.37570063941678,249.61833526946575,1.4952176727564257,0.7,0.46409548089225705,0.2,0.4050957468334667,73.14049448686829,28.642385859742337
en tarvitse lahjoja>,49,0.0,19.5,11.69045194450012,32.28510610787291,11.055718282064955,2.975,5.828697791850075,6.2,3.553257804556408,6.4,11.950324531587267,0.55,0.7143223433831609,1.2,1.4535544409551753,0.6843811412020708,0.1603280063680088,36.625,25.702127518444055,87.62398376103424,36.73657516779759,248.98961802934156,1.7505856277454341,0.525,0.505736325340815,0.25,0.4385290096535146,76.20383646136753,37.839511024987154
en tiennyt mitä tehdä>,59,0.0,19.5,11.69045194450012,30.383170098162356,9.917675693389599,2.675,5.090904408089754,7.05,2.5615500115239724,7.275,8.869386993531492,0.625,0.7741827783921407,1.65,1.2516655570345725,0.6527103718500228,0.1326301519887103,41.6,19.75464891730941,92.02088082164184,27.664633427859496,248.11306166596637,1.47404707234225,0.625,0.49029033784546006,0.25,0.4385290096535146,81.42167414652076,30.172876406364516
haluatko syödä lounasta>,47,0.0,19.5,11.69045194450012,18.158870721098744,13.928010054518454,9.4,10.572824380675929,6.125,4.237727378363706,7.95,9.564759034320486,1.05,1.0609623111312794,1.325,1.4030644117750772,0.5843580249714585,0.2166817292802627,36.5,28.359414843335717,95.01031872806517,68.49524196027178,299.0019908838204,127.16810338710269,0.5,0.5063696835418333,0.5,0.5063696835418333,131.15445704038467,116.56853689129133
halusin vain tarkistaa>,25,0.0,19.5,11.69045194450012,21.46626446387872,16.586204340393497,9.7,10.216126015727818,5.4,4.2895221179054435,4.5,8.455009135842463,0.725,0.876692502300404,0.95,1.218447940872069,0.6785111991579592,0.20159735573529963,28.025,25.759725571877922,75.34298612069901,55.50966933338827,281.3358782966559,105.05302934739507,0.475,0.5057363253408151,0.5,0.5063696835418333,99.46304090869124,93.4168584379616
hanna ottaa vastuun>,39,0.0,19.5,11.69045194450012,20.203691470241434,20.172864038694314,9.4,9.502496298206903,3.625,3.1024184114977142,2.3,7.633260552782583,0.125,0.40430377003131995,0.35,0.6222374845503018,0.5714045393948117,0.2351802357079707,19.45,21.647466838242767,38.39548231758452,33.53540115411337,306.54584963015657,104.13516699265509,0.275,0.4522025867763026,0.525,0.5057363253408153,132.19675266624273,89.47764598679798
hyväksyin sen jo>,40,0.0,19.5,11.69045194450012,17.466412664316298,16.155839842630233,7.625,7.761467942044508,3.825,2.9254629263303498,3.95,5.751031122708255,0.4,0.6717752982077051,1.05,1.4133067244713364,0.5655067812820868,0.24895559440702345,21.325,18.424325475597993,43.46782614484167,34.98902034190999,292.0045561203138,97.74416013896159,0.4,0.4961389383568338,0.525,0.5057363253408151,122.65707142779627,86.83688071042624
hyvää viikonloppua>,65,0.0,19.5,11.69045194450012,22.989703676778053,17.705010058611734,6.425,8.13314680324147,4.45,2.9867227558835823,3.9,6.045977683869347,0.35,0.5334935656738369,0.925,1.248332220738267,0.5411584189169424,0.15558109175015838,25.2,19.15951929165185,41.32852434687219,27.345422185844495,287.4843124425525,83.68747516998496,0.4,0.4961389383568338,0.45,0.5038314736557788,127.3468751368732,60.12797940965322
hän oli yläkerrassa>,17,0.0,19.5,11.69045194450012,24.366141187821732,16.740761623577914,5.6,8.142323740642832,5.45,3.42651800535553,6.6,12.565316529526008,0.55,0.8755950357709131,1.025,1.349026239504553,0.556207685826852,0.20426071259288325,33.675,29.227127809622345,58.080218646883075,37.050036893909166,283.17121661800627,78.40899576862427,0.55,0.5038314736557788,0.375,0.49029033784546017,118.77882615004162,70.22835692610816
kiitos hyvää työtä>,75,0.0,19.5,11.69045194450012,34.9863566499894,11.264951632977063,1.275,3.86295688526754,5.15,1.5283643007795737,4.075,6.056941345393602,0.225,0.42290206176626033,1.125,1.304577738934356,0.6171673738228232,0.11226417186900667,31.95,11.502396628752123,70.86474582486089,19.779151745483198,248.11546693727593,1.2048603971033442,0.575,0.5006406152531231,0.15,0.3616202853397895,85.97128729662879,27.056722622037338
kiitos kaikesta avusta>,48,0.0,19.5,11.69045194450012,33.040720313550175,9.61410692583984,2.15,5.549543755790731,7.175,2.352167576447798,6.625,11.824978993855686,0.525,0.5541220822628188,1.4,1.10476822026741,0.6615086354744479,0.1373944067062894,41.9,23.147021738975734,108.03294897493677,28.571238311683494,249.2005208091711,1.7015255378862773,0.7,0.46409548089225705,0.15,0.3616202853397895,79.69284293987042,32.439240544245806
kiitos vastauksestasi>,5,0.0,19.5,11.69045194450012,32.70076370180914,11.001706214319292,1.575,4.517132628060325,6.925,2.3136994463856206,6.3,7.466849814603623,0.55,0.6774764637788969,1.525,1.5019218457593693,0.6131175079492743,0.13244128598288832,40.45,13.530497366111819,94.598700081796,27.81948154661877,248.4029442852207,1.3879653748679321,0.6,0.49613893835683376,0.15,0.3616202853397895,89.47154424592837,31.734112515441137
kokeilen uudestaan>,27,0.0,19.5,11.69045194450012,29.961472577695844,12.979023943853454,4.15,6.31461471305724,6.525,3.88281882802714,8.55,14.003570973148243,0.5,0.6793662204867574,1.3,1.181046906296187,0.5263468931931194,0.13906621025132265,39.95,30.51435139447734,66.5591033054775,24.894496516377327,247.32045159659515,1.7458330548735679,0.425,0.5006406152531231,0.35,0.4830458915396479,108.87867159630586,33.60850565405885
kuinka hän pärjää siellä>,18,0.0,19.5,11.69045194450012,34.63204879344203,10.765601226605918,3.625,6.848872263522753,7.025,2.740835545445857,5.8,9.41139516619927,0.85,1.1220402662000855,1.025,1.2297070737291411,0.631685629471695,0.14474344536571981,40.35,18.284854318148053,89.77971391602031,30.274325026617458,248.23801242020812,1.5970930769187508,0.525,0.5057363253408151,0.275,0.45220258677630265,87.32236542256854,32.919387608187854
kuulostaa hyvältä>,4,0.0,19.5,11.69045194450012,33.85896959097403,11.001232195308,1.375,3.592638484742277,5.825,2.872392909342492,5.25,9.214676142451042,0.4,0.5453768398418634,1.025,1.1206110970221697,0.5965661147488814,0.13114243691688757,33.8,20.267695655389325,64.58481982942831,17.080493788117906,247.74354048460333,1.380900858731855,0.625,0.4902903378454601,0.2,0.40509574683346666,91.05773388453292,30.904995185351435
kävin lääkärissä eilen>,2,0.0,19.5,11.69045194450012,31.40836697737471,12.440599641084125,3.175,5.583342900872017,7.425,3.768203680052204,9.825,17.708302413246006,0.55,0.7493587001820033,1.725,1.9740301091409096,0.635567046900643,0.1675255035003492,47.325,34.67385588669484,96.01272166129792,31.350255191595664,247.8875650160343,2.253817661770286,0.5,0.5063696835418333,0.325,0.4743416490252569,86.27046368092091,38.9589159720622
kävin ostoksilla tänään>,70,0.0,19.5,11.69045194450012,32.391842718799325,12.7131753173942,3.55,7.143043953601078,6.875,2.642721014215151,5.975,7.7773092044445855,0.525,0.6788942744621108,1.25,1.3349349355123201,0.6357086861293821,0.1741476693590764,39.825,17.816568923480418,89.457956380762,32.7920788273457,248.1657672796642,1.8365705507449563,0.575,0.5006406152531232,0.25,0.4385290096535146,81.78615443136606,37.08661347786045
lähetä paperit minulle>,55,0.0,19.5,11.69045194450012,35.000248798906725,10.846812667371223,5.175,7.313098540045132,6.525,3.5154421248732475,6.4,14.450268385405732,0.725,0.9333562268254528,0.85,1.1886212655091246,0.7066979431055518,0.1652742059331768,38.6,32.28860241871497,92.83309932193357,27.2889769761598,249.22665505003252,1.9155894497722854,0.45,0.5038314736557788,0.45,0.503831473655779,68.71177096800328,37.212533163183956
lähetätkö sähköpostia>,20,0.0,19.5,11.69045194450012,32.540827769689486,9.82100803901175,2.725,5.755654967296432,6.45,1.9605075219416381,4.625,4.839408207092246,0.6,0.6324555320336759,1.075,0.8589647913741942,0.6845451625687946,0.14821768115221923,35.8,11.034212529847618,96.54208669859366,29.910362418865446,248.9453661170346,1.6679399267476664,0.675,0.47434164902525694,0.2,0.40509574683346666,72.73940958967057,31.758448326387885
meidät otettiin vastaan>,73,0.0,19.5,11.69045194450012,32.83068415647935,11.300923038634167,4.55,10.47818246130061,7.725,4.2304603616858145,7.85,14.52945725776184,0.6,0.8711913446392583,1.525,1.7684920419849512,0.6233508021402085,0.14417138515942662,45.8,32.84321730703195,95.53675605098354,33.38133865630054,248.21211717475876,1.569669509958579,0.575,0.5006406152531232,0.275,0.45220258677630254,88.48687156630959,33.055627684814915
mikä sinulla on vialla>,11,0.0,19.5,11.69045194450012,35.45025921804258,11.06252741271222,1.95,4.728256576837837,6.95,2.3309511649396115,5.05,9.713722780500287,0.5,0.6405126152203485,1.075,1.248332220738267,0.6724464760467536,0.16276488487084878,39.075,18.980945235980265,96.85872628944433,24.64520805246207,249.25248784387222,1.73377274657542,0.5,0.5063696835418333,0.2,0.4050957468334666,79.12316829821233,35.972836418478785
minkä niistä valitsit>,12,0.0,19.5,11.69045194450012,33.02357912865419,10.35024680572624,3.05,6.740425308044985,6.25,2.404589628616759,3.925,4.251017977632398,0.7,0.7909747313543116,1.025,1.0738738884082841,0.6848889722188269,0.13991218749286846,33.875,13.583903558897784,82.93503770527572,33.11985395166385,248.60237532261544,1.3640413737267754,0.625,0.49029033784546006,0.2,0.40509574683346666,74.61544057672732,30.27188661153442
mitä eroa näillä on>,42,0.0,19.5,11.69045194450012,36.376192215262144,9.192394809247785,1.8,4.592077905173157,5.675,1.9399643137082543,3.15,5.096756132769458,0.475,0.5986094998689324,0.75,0.9540735874430284,0.723562309224046,0.11714136099766932,31.525,10.76791887613744,76.90667143710945,16.649008105396245,248.54547865375676,2.1390702323345105,0.55,0.5038314736557788,0.175,0.38480764425479264,65.54072572171856,32.557524776647725
mitä sinä luulet>,66,0.0,19.5,11.69045194450012,26.155819506492712,14.143857326780775,3.625,6.019998722207889,5.7,3.0059769519903905,6.475,10.801204823584527,0.65,0.6621642835894567,0.925,0.9167249398727054,0.6637718913646917,0.19134387988010118,32.7,24.49405998112551,70.84453166995641,31.759841831091986,249.22133492089975,4.8863403897259365,0.625,0.4902903378454601,0.325,0.47434164902525683,89.30814410096575,52.35589947930582
nähdään siellä pian>,67,0.0,19.5,11.69045194450012,34.169844770793546,8.709150902804986,1.375,4.3951459238923665,5.825,1.7080127904403097,3.425,3.2414582030393793,0.6,0.7089175569585666,0.975,0.9469925405170156,0.6901839824501489,0.10113742536569409,32.5,8.54250308600231,89.92826651169614,21.688163734421405,249.03949651661028,1.078561411713267,0.725,0.4522025867763026,0.1,0.30382181012509996,73.06935416191651,20.400069650451833
näitkö minun viestini>,64,0.0,19.5,11.69045194450012,31.788182717873035,10.080534646325878,2.125,4.745780852234529,6.85,2.567548965902635,6.425,6.957333338247289,0.625,0.6674674677561601,1.475,1.1764243957749088,0.6887200483621357,0.15156484667092907,39.875,15.819798533515701,76.29819489620105,25.83262614945453,247.6035260040585,1.168493901449448,0.625,0.49029033784546006,0.25,0.43852900965351455,72.90129362770485,32.77905753017444
olen avoin ehdotuksille>,44,0.0,19.5,11.69045194450012,32.87701236512415,10.802574839010845,1.675,5.493060890679981,7.375,1.9959895688540956,5.75,7.358058551073485,0.75,0.9805806756909201,1.275,1.2605961145833207,0.6788061770048192,0.13897478039768765,42.1,13.543472266211536,103.21317272507854,24.85560896732753,248.56173015064263,5.449287086570409,0.775,0.4229020617662603,0.1,0.3038218101251,75.52357231833818,33.80915085057227
olen avoin kaikelle>,68,0.0,19.5,11.69045194450012,32.48827942948086,9.980696821686248,2.825,6.258891111747987,5.625,1.876815360507234,3.75,3.3339742973491284,0.5,0.6793662204867575,1.05,0.9857965671450025,0.6391762675871225,0.12932262796973942,30.975,10.052394790578063,86.38562306578075,31.889209891676508,250.5187329224862,3.551026761344405,0.65,0.4830458915396479,0.175,0.3848076442547927,85.13306934441285,26.585023086520565
olen hyvin väsynyt>,57,0.0,19.5,11.69045194450012,31.633223197760657,10.836182750168517,2.525,5.5144913985439645,5.25,1.918198941582228,4.175,4.528471185957937,0.7,0.8227533512074423,1.0,0.9336995618478524,0.6417520011097365,0.17677174572275847,30.525,10.50515746351921,69.19707334043824,24.246531728408677,252.7063993255377,16.51095276162809,0.675,0.4743416490252569,0.225,0.4229020617662604,85.77091103408118,40.65171163908948
olen lomalla heinäkuussa>,43,0.0,19.5,11.69045194450012,33.10483529686975,11.161131666501856,2.55,5.8570579820527815,7.25,2.993582880352315,7.1,13.122304362987158,0.775,0.7333624702836333,1.25,1.4455945454184551,0.6298987617845434,0.1251194238482976,44.975,28.453729871314653,100.94854862797848,31.661864262690695,248.6093238872148,6.05033461292058,0.725,0.4522025867763026,0.2,0.40509574683346666,85.47358710384184,31.477257496305892
olen lähes sanaton>,16,0.0,19.5,11.69045194450012,33.840446490942156,9.414663371802057,2.75,5.62389590303778,5.475,2.1719363923254504,3.5,4.940673679798779,0.55,0.9044051735526052,0.875,1.1588566425355287,0.6902958579091061,0.1348047706933247,29.575,12.929567585527288,77.67630672919822,28.506592364733752,250.92494324231166,8.005680978924465,0.6,0.49613893835683387,0.225,0.42290206176626033,73.02224096930962,27.790696307905453
olen sopinut jo asian>,50,0.0,19.5,11.69045194450012,36.284026023959775,10.074728792446313,2.625,5.964370708525581,6.175,2.0986870132268844,3.475,5.974250301641761,0.65,0.6998168258505861,0.725,0.9604352645732546,0.7011687332961203,0.13672088369321625,32.95,11.37462312703376,83.424097180367,26.348211048440078,251.14410661567655,8.156885113352187,0.625,0.4902903378454601,0.175,0.38480764425479264,70.26023405287545,33.056876129384534
olen tulossa sinne>,37,0.0,19.5,11.69045194450012,30.64746316299992,11.272389171373769,2.275,4.723034118239172,6.3,2.784572885353543,7.25,10.012172079203879,0.65,0.7355444521071729,1.425,1.375378735718517,0.5928154710970499,0.12953793529498367,37.975,22.559877591048163,82.77266724946362,32.865403354253594,248.90234860977685,2.8981056827652205,0.55,0.503831473655779,0.275,0.45220258677630265,96.59365337839753,30.564474846724526
olen töissä huomenna>,35,0.0,19.5,11.69045194450012,34.952754844395294,10.047025360974608,1.9,4.6232411763133205,6.275,1.7244471429179697,4.5,9.18471416860505,0.45,0.7493587001820033,0.975,0.9195177108206347,0.649556240547438,0.12081209739268842,35.475,17.614078722169072,91.05162423669135,24.379259146085634,251.50025205192475,11.827894342108767,0.55,0.5038314736557788,0.2,0.40509574683346666,84.28696293848495,26.99105931805651
oletko aivan varma>,41,0.0,19.5,11.69045194450012,33.480345015758374,11.216436164301847,1.625,4.458857505730617,5.8,1.9767883821219479,4.075,4.763038784383186,0.65,0.8638019716079873,0.95,1.131144190405087,0.7012634176216807,0.15628440635983173,31.975,9.9085239139766,93.33016551602368,25.84363265372284,250.4276964608796,2.708527363075928,0.6,0.4961389383568338,0.2,0.40509574683346666,72.3042081718551,36.7283930054528
oliko se vahinko>,10,0.0,19.5,11.69045194450012,34.042267301455894,11.504200124148072,1.275,3.862956885267541,5.275,2.012620437549273,3.85,5.303844759301428,0.375,0.5856182356695511,1.0,1.176696810829104,0.6270100547350697,0.11016631011413718,29.25,12.14812426166785,56.04246579164328,21.16266191300812,248.64958779692338,2.9631893310462316,0.525,0.5057363253408151,0.15,0.3616202853397895,85.2905255385844,27.00677148978003
onko hän valmis vielä>,74,0.0,19.5,11.69045194450012,31.14414713481463,9.928371941544174,2.175,5.7462920039684535,6.975,2.423046397854124,5.225,5.868156133766074,0.65,0.6998168258505862,1.4,1.2969391975151656,0.668588184429733,0.1307857242494945,38.075,14.497369345806085,87.31636100241023,26.53659514812781,253.79446833710372,29.444710310808443,0.75,0.4385290096535146,0.15,0.3616202853397894,80.54092147457685,34.98945635982623
onkohan se jo ohi>,30,0.0,19.5,11.69045194450012,33.51196172692896,11.488523330097959,1.5,4.06359699192975,5.5,2.0127796827477296,5.2,8.680068533346367,0.525,0.8161039400870708,1.025,1.1432634351063984,0.6930921763940183,0.16234814317463617,32.85,16.505709967719095,67.87347130862314,19.407521850692845,248.81939352455356,2.5717054011731646,0.6,0.4961389383568338,0.15,0.3616202853397895,71.37037572762662,37.97971987501206
ostitko meille liput>,26,0.0,19.5,11.69045194450012,35.37355316991406,8.536747016324787,1.575,3.650693646769625,6.3,2.138775110748901,4.025,6.374981146276797,0.65,0.7696152885095853,0.975,1.0738738884082841,0.6909351565530543,0.09289447516389084,34.625,14.117978172964701,81.95575512326896,14.749190983501178,249.6663366530541,3.670182455297851,0.625,0.4902903378454601,0.225,0.4229020617662604,71.71328826881881,24.785957816632486
ota mitä vain voit>,15,0.0,19.5,11.69045194450012,32.08633637684427,12.703769450198449,3.375,6.315173018723261,5.275,2.5719143822731714,5.7,13.983873495877955,0.525,0.5986094998689324,0.825,0.8439072740411042,0.6955288613217532,0.19220483187073814,32.675,27.29552184554296,70.37810587214362,27.2662070249029,254.5747824087182,29.459657539849424,0.55,0.5038314736557788,0.25,0.4385290096535146,73.73460397712739,49.30553199842561
palaan asiaan tänään>,1,0.0,19.5,11.69045194450012,33.272428121658365,9.327185722524604,1.575,4.372920751332671,6.0,2.449489742783178,5.0,6.449011055173001,0.35,0.5795665931516722,1.175,1.1297265382746617,0.6202108663084528,0.1078043383932599,36.425,14.5441635135092,101.6853470230246,24.87842087379167,249.1683494216008,1.367825989434527,0.625,0.49029033784546017,0.2,0.40509574683346666,90.32162632928832,25.41959414278135
palauta raportti pian>,29,0.0,19.5,11.69045194450012,34.89110290202533,8.884684212187816,1.45,3.720697480794394,6.85,2.646235836535381,5.225,11.323874257740952,0.725,0.7156671622894871,1.0,1.0377490433255416,0.7090389797813101,0.12386412266663144,38.625,22.43473440208971,112.41743906749423,19.312877458262413,249.86019660549618,2.1860176530400395,0.675,0.47434164902525683,0.15,0.36162028533978946,68.96525113490483,28.98715077928501
pidä minut ajan tasalla>,36,0.0,19.5,11.69045194450012,30.93797437834479,11.274474721853672,5.125,6.965804755908387,6.675,3.2846769345100846,7.75,11.868402350736782,0.325,0.5723321610429581,1.5,1.1547005383792515,0.640452634237316,0.1540078214819439,41.675,25.683864534682034,98.42652304505546,33.33190472806324,249.0394448922961,2.6403068250228308,0.35,0.4830458915396479,0.475,0.5057363253408151,82.60789245162991,37.1235545780489
pitääkö meidän jutella>,52,0.0,19.5,11.69045194450012,32.546793661970305,10.856087839014698,3.25,5.851802264566853,6.425,2.31923395841087,6.975,11.634360031103274,0.5,0.554700196225229,1.2,1.1140133037920334,0.6490182296536514,0.15587472729519355,41.15,23.345289976836103,91.71050940689565,28.612694186205797,248.39077836092946,1.7976438916317814,0.575,0.5006406152531231,0.275,0.4522025867763026,83.0629500995195,35.31800829203137
pitääkö minun ajaa autoa>,51,0.0,19.5,11.69045194450012,35.70332218833376,8.59084387889386,5.1,9.87304021448931,6.55,2.978125378359811,4.35,6.43926257921686,0.575,0.8129559864454138,1.0,1.0127393670836666,0.6824526517058269,0.1339580188897066,38.1,19.16701225998353,92.9764075671394,34.57095861475604,248.75243019538954,1.5867057396519446,0.5,0.5063696835418333,0.325,0.4743416490252569,74.2632602111817,29.83433008654772
puhutaan maanantaina>,28,0.0,19.5,11.69045194450012,34.971063538438074,10.16843709050571,1.35,3.9128322747412017,6.75,3.0361074944653583,5.15,8.934376135079434,0.525,0.7156671622894871,1.05,1.2393132920684082,0.6455209256511113,0.12376209661247822,37.175,19.199208717668945,102.55016122526408,25.144236443605354,249.5080709461578,1.864905720638139,0.575,0.5006406152531231,0.2,0.40509574683346666,85.21800027569056,28.519710672031206
pääsen perille tunnissa>,14,0.0,19.5,11.69045194450012,29.90257309589746,10.736320054741304,3.2,6.925241826750482,7.625,2.6668669796559943,7.175,6.1514538619243995,0.8,0.8227533512074423,1.825,1.6154304022815047,0.5769232965022543,0.1208794302924171,43.475,16.743904363479068,97.93668058781843,35.14838844514122,247.83150654260493,1.3741272863283533,0.7,0.46409548089225705,0.225,0.4229020617662603,100.89831824606787,27.018941398114332
se on tavanomaista>,63,0.0,19.5,11.69045194450012,32.012898040461685,11.415024641942969,2.325,4.9114596503927315,5.625,2.3932329812544584,5.75,9.507756617490578,0.375,0.6674674677561601,1.3,1.4884168150705017,0.684968236470744,0.1748638840551214,34.3,21.082499730150474,96.37600429858779,40.17868693664517,249.88082967332093,3.227982685151749,0.625,0.49029033784546017,0.225,0.42290206176626033,75.28332557835097,38.03112411714945
se tuli tarpeeseen>,53,0.0,19.5,11.69045194450012,31.84595835801329,10.883579065374033,2.9,6.483905122765574,6.325,3.3002525155912945,6.8,11.33001459704403,0.7,0.7232405706795791,1.275,1.4139869074213434,0.6010203526605397,0.13210829419428127,37.725,27.42447671473283,75.82100412421127,32.36321054443783,247.38366369856044,2.1809971339711143,0.625,0.4902903378454601,0.225,0.4229020617662603,91.30668755769207,29.93093911677302
soita hänelle huomenna>,54,0.0,19.5,11.69045194450012,31.720287122957565,11.898197031207056,3.2,5.914779402870016,7.65,3.717939876205225,10.25,17.414626920184958,0.725,0.8161039400870707,1.325,1.3660254906207432,0.6342445379339783,0.16627572575434948,48.7,36.6145550433928,106.75178555176656,34.53727642706579,249.09741330705884,2.129246038079901,0.5,0.5063696835418332,0.325,0.47434164902525683,91.28567235720337,39.19030442947322
soitan sinulle aamulla>,31,0.0,19.5,11.69045194450012,31.866057860608056,12.678670844303818,4.2,7.317698951768782,6.8,2.4305744810007996,6.475,10.561146742320199,0.5,0.816496580927726,1.175,1.0098870208452997,0.6185417869876167,0.143282888643505,38.975,20.175496054016644,95.09388378104087,30.861570377313097,250.93876068253826,7.042282374727312,0.525,0.505736325340815,0.275,0.4522025867763026,92.70819771461883,34.963584687356324
sujuiko matkasi hyvin>,58,0.0,19.5,11.69045194450012,30.004513335078833,12.584475504121142,4.425,7.775330811661277,6.075,2.6543384901916376,7.15,9.014375982782965,0.35,0.5795665931516721,1.375,1.2747548783981963,0.5721489998088299,0.1704812566713049,38.0,18.448820405624158,74.69826826204276,29.837182387660086,247.44078910486004,12.277303802172733,0.575,0.5006406152531231,0.3,0.46409548089225705,103.21500355529636,36.333442264616764
tarkoititko yliopistoa>,62,0.0,19.5,11.69045194450012,34.748846192701464,10.617246507271442,2.5,6.03833904824319,6.975,3.60546238010591,5.925,11.145626945129644,0.375,0.6674674677561601,1.25,1.3728129459672882,0.6492671574978128,0.12984432877779908,40.175,25.66938463797501,85.14104842966503,27.407062649075748,246.2265282092833,8.354339888996364,0.6,0.4961389383568338,0.175,0.3848076442547928,76.65092280961325,33.43098924085131
tarvitsetko sen tänään>,21,0.0,19.5,11.69045194450012,28.81542395448493,11.714580301979677,4.0,7.407549856180171,7.175,3.6856443614345586,9.1,12.10594259666905,0.525,0.8161039400870708,1.725,1.449801047358939,0.5976025009235106,0.14326268005781187,44.475,26.993814581141095,82.24616877149519,31.30113466272549,247.24060191684785,2.2222464438510054,0.575,0.5006406152531231,0.325,0.4743416490252569,90.0792973318701,35.24206539374893
tavataan keskustassa>,34,0.0,19.5,11.69045194450012,29.190302912869004,10.455019753900448,3.025,5.59985118849897,6.825,2.725826150936301,8.9,12.31592673257077,0.45,0.7143223433831607,1.65,1.2100010595460502,0.5724681103676874,0.13559887298235918,42.375,25.52091902131089,94.22275624022636,33.25076772243938,248.2100962549629,1.6570037839982705,0.625,0.4902903378454601,0.3,0.46409548089225705,99.62220686292568,33.03353665423245
tiedätkö tästä mitään>,38,0.0,19.5,11.69045194450012,35.11437415943335,10.823523033147058,1.8,4.49615220109202,6.625,1.9701295024465413,5.15,7.54660732059659,0.475,0.7506407519323333,1.05,1.259833118781804,0.6924936930025466,0.15588786528143786,37.4,13.25064101013559,97.67501722455506,25.115981462182848,248.93096576813437,1.9812873196985203,0.55,0.503831473655779,0.2,0.40509574683346666,73.42890176831887,33.72490866691582
totuttelen tähän vielä>,19,0.0,19.5,11.69045194450012,33.568455031658495,9.506903394676359,1.8,4.745848388125871,7.15,2.5171208623936665,5.6,9.297918156839307,0.875,0.9657599638069014,1.275,1.7095133510551759,0.7113606075442922,0.15124971334322915,40.1,19.902067925024973,99.17892399032655,27.827690519360193,248.73430692964058,1.3786834106863324,0.675,0.47434164902525694,0.175,0.3848076442547927,69.64938722487211,32.43590002049635
tulen perjantaina>,3,0.0,19.5,11.69045194450012,35.115814803185906,7.932828236263067,1.425,3.5725987094076967,5.0,1.086041978694737,3.15,3.2387873640829814,0.5,0.6793662204867574,0.925,1.0225032129596565,0.7403027251012498,0.09222716138199642,28.075,7.933659226230271,91.00088075776374,26.292960674524327,250.27703741190402,1.858324710808129,0.65,0.4830458915396479,0.15,0.3616202853397895,63.252845770163205,20.898945375989335
tuletko kanssamme>,9,0.0,19.5,11.69045194450012,33.41442027220519,11.440250382939805,0.975,2.832843094843059,6.3,3.2201289988493893,7.05,15.145364019463226,0.65,0.8638019716079873,1.15,1.3310878527711354,0.6413470087015117,0.1289217811387624,38.025,32.29232464176636,86.19032817005544,21.40863552114593,248.848631475035,1.649626227491239,0.5,0.5063696835418333,0.2,0.40509574683346666,85.81072410573829,30.84341458377757
tuo lienee oikea vastaus>,6,0.0,19.5,11.69045194450012,34.25163777328634,10.52712216827456,3.025,6.8105781222282715,7.025,2.6163930936525617,5.85,9.82552928045231,0.5,0.599144689515278,1.15,1.0753651735156091,0.655559499788874,0.13537802520991943,41.3,20.398843607244512,99.71359346070531,33.37342506994186,248.74924229673647,1.4922341273683573,0.625,0.4902903378454601,0.2,0.40509574683346655,80.77465880891594,31.73634139714271
tällä ei ole kova kiire>,33,0.0,19.5,11.69045194450012,34.34518656446095,10.815725394955711,2.425,5.57874859600573,7.475,2.581864760405866,6.425,10.177621252482053,0.6,0.5905234531480935,1.225,1.4409309668690071,0.633250444048687,0.13524636220759093,43.0,22.017475576669334,91.71285401000631,28.399706057623657,248.22843337276308,1.4432524149413302,0.7,0.46409548089225705,0.2,0.40509574683346666,84.38611930101517,31.26490804154217
tämä näyttää hyvältä>,56,0.0,19.5,11.69045194450012,33.35398820722504,10.043642048212012,2.15,5.13185126790493,6.075,2.44306973776635,4.75,6.542758768875122,0.5,0.8164965809277259,1.05,1.1082441645256376,0.6332965762382439,0.1268620484820499,36.0,15.529954513117133,76.49874573158993,26.21214499942434,247.8928303083207,1.3400797135824019,0.55,0.5038314736557788,0.2,0.40509574683346666,82.4220947458845,30.38255470545012
tämä on arkaluontoista>,8,0.0,19.5,11.69045194450012,29.353396673068602,9.980116466412431,5.025,10.469705993472001,7.7,2.671789950288297,7.675,7.694111967885507,0.8,0.7909747313543118,1.65,1.144664322085916,0.646664561719335,0.17607644015163074,44.3,19.220982124911146,109.2072256148073,36.708085189656224,249.12059260834127,4.141192290987638,0.675,0.47434164902525683,0.325,0.47434164902525683,83.27829419617342,38.51990256719077
tämä on todella hyvä>,7,0.0,19.5,11.69045194450012,36.350235424036704,8.782958520790995,2.025,4.994804993498437,5.85,2.444774647472253,3.9,9.620490951809382,0.425,0.6359930655967716,0.775,0.9736924170788859,0.7011456887198023,0.12070693509175463,33.8,20.504158427512035,81.86336037995167,23.730973593457634,249.04737432176975,1.3357716362454162,0.5,0.5063696835418333,0.2,0.40509574683346666,69.68669985878732,28.446236811712716
voiko sitä enää korjata>,61,0.0,19.5,11.69045194450012,34.95494309202884,10.503156218161946,2.2,5.566382612129298,6.925,2.903468306203498,5.775,11.335190270195664,0.525,0.6788942744621109,1.175,1.4302142568555318,0.6550056698970078,0.1295181282754071,40.55,22.733630346206223,101.5119144970588,25.881634504210904,248.7285023723588,2.0519570897406765,0.65,0.483045891539648,0.175,0.3848076442547927,79.20697082100523,30.169475242391844
voimme juoda viiniä>,45,0.0,19.5,11.69045194450012,32.09564435861778,10.611771824165071,3.375,6.4676215261198,5.425,2.3846464017833884,4.8,7.272004626102165,0.35,0.579566593151672,0.925,0.944281031614353,0.6020940538040124,0.16737094894686047,32.675,18.082981799726248,57.5038923991677,25.322402953060887,247.45606693953036,1.2670412703931184,0.55,0.5038314736557788,0.25,0.4385290096535146,90.27088711831529,32.19220522498654
voinko auttaa mitenkään>,22,0.0,19.5,11.69045194450012,33.395311754910416,9.044618274063557,2.4,4.6673992099043105,6.95,2.275285273745487,5.15,4.486732578477263,0.6,0.8711913446392583,1.25,0.898717034272917,0.6024444132603295,0.10070194642446383,39.5,11.343133018115704,79.13673576927631,21.55322880658787,247.5634828198316,0.9986297957631994,0.65,0.48304589153964794,0.3,0.4640954808922571,92.87455473598564,23.638379930248473
voinko pitää tämän>,46,0.0,19.5,11.69045194450012,34.92627534978272,11.243699978204738,3.875,11.976874083854803,6.075,2.730525449573622,4.575,7.246174941446783,0.65,0.7696152885095854,0.7,0.7578647467450733,0.654454487698428,0.16708905721088266,34.3,19.64844875458464,59.57287445767353,18.41202307735767,247.7491134901834,2.0735823798238555,0.5,0.5063696835418333,0.275,0.4522025867763026,82.19193918080343,36.695818394972804
voisitko käydä kaupassa>,69,0.0,19.5,11.69045194450012,33.25447397661456,8.944904625678701,2.425,4.7061743404889835,6.9,1.9188671871839602,5.875,6.790594928809956,0.5,0.599144689515278,1.375,1.0299987552892655,0.6426105548582659,0.12972686174811277,41.55,13.473525798242177,108.17111459434713,26.101097346011088,249.00982344573384,1.605277819269017,0.575,0.5006406152531231,0.325,0.47434164902525683,83.39817208321247,29.829630572866105
voitko auttaa minua>,32,0.0,19.5,11.69045194450012,33.58094256786673,12.720491978494994,2.3,4.95207804089121,5.975,2.34780311933933,6.425,12.165287944361646,0.475,0.5986094998689324,0.925,1.0714835150747413,0.6207902158760542,0.16846704287848097,36.85,23.67899642710543,74.62214108333185,20.34560414886359,250.94209733223497,16.44688349573547,0.5,0.5063696835418333,0.225,0.42290206176626033,91.17551081789125,40.429456342996474
voitko jo paremmin>,72,0.0,19.5,11.69045194450012,29.956973625842714,11.225601084142275,2.625,5.304509450724026,6.2,1.9637744922496203,5.7,5.875634171991728,0.65,0.8022404524765273,1.4,1.1940021045379383,0.6094266058160808,0.14577076337500602,34.5,12.776179758862558,69.92266783744176,18.962075885976066,248.5307399805859,3.645087480736679,0.55,0.5038314736557788,0.325,0.47434164902525683,89.34866489355686,33.273395548255266
älä ota häntä mukaan>,60,0.0,19.5,11.69045194450012,35.918783659981315,9.135405962352355,2.05,4.950783413789823,5.6,1.8646509262923923,3.15,4.16671794840237,0.425,0.6359930655967716,0.825,0.873762861685903,0.7088389950465199,0.12667436136818674,32.25,9.464508601978398,85.53533751923999,21.114748133318383,249.13863657562774,1.1854911201117104,0.55,0.503831473655779,0.175,0.38480764425479264,67.18561011436961,27.094682338983354
älä tee siitä ongelmaa>,13,0.0,19.5,11.69045194450012,36.86019576150552,7.561872490436139,1.625,3.7668425191534847,6.125,1.6669871486745642,3.575,4.781843330874155,0.475,0.7156671622894871,0.9,0.8101914936669333,0.659639396403542,0.09578432344752771,35.775,9.158119558411205,93.01066692995437,21.712657921202958,248.75263113314887,1.185009883193247,0.55,0.5038314736557788,0.25,0.43852900965351455,78.84338595005589,22.4011810204453
äänestän jälkimmäistä>,24,0.0,19.5,11.69045194450012,38.08149655173862,9.01257154221345,1.95,4.893480749543606,5.375,1.8631032838127481,2.775,4.599261367676893,0.375,0.5856182356695511,0.675,0.8883144511391019,0.6643972357826329,0.10573254595529913,31.5,11.084755065936049,71.7984796626588,18.952203221419506,248.092363076278,0.8463086314119928,0.425,0.5006406152531232,0.225,0.4229020617662602,73.80559573025849,22.93082772451184
